id,slice,category,title,detail,decision,status,verification
S1-01,S1,tooling,Upgrade vitest to 5.0.0,vitest + @vitest/coverage-v8 pinned exactly; clearMocks now defaults true,D5,done,gates green 2026-09-10
S1-02,S1,tooling,Upgrade React to 19.3.0,react + react-dom + @types/react + @types/react-dom,D5,done,gates green 2026-09-10
S1-03,S1,tooling,Upgrade remaining npm deps,happy-dom eslint globals typescript-eslint lucide-react motion rimraf i18next react-i18next tauri plugins react-virtual,D5,done,gates green 2026-09-10
S1-04,S1,tooling,Upgrade prettier-plugin-tailwindcss to 0.8.1,Requires prettier>=3.7 despite peer range; add tailwindStylesheet; expect one large format-only diff,D5,done,gates green 2026-09-10
S1-05,S1,tooling,Upgrade Cargo deps,interprocess 2.4.4 and any others found by cargo update,D5,done,gates green 2026-09-10
S1-06,S1,tooling,ESLint recommendedTypeChecked,projectService + tsconfigRootDir + onUnsupportedTypeScriptVersion error; migrate tseslint.config to defineConfig,D22,done,gates green 2026-09-10
S1-07,S1,tooling,Add .vscode/tasks.json,Curated task set; also allowlist tasks.json in .gitignore,D22,done,gates green 2026-09-10
S1-08,S1,tooling,Add .vscode/extensions.json and settings.json,Recommended extensions and workspace settings,D22,done,gates green 2026-09-10
S1-09,S1,tooling,Vitest coverage thresholds,coverage-v8 is installed but unused,D22,done,gates green 2026-09-10
S1-10,S1,tooling,Migrate manualChunks to codeSplitting.groups,Rolldown deprecates the function form; use [\\/] in test regexes,D5,done,gates green 2026-09-10
S1-11,S1,tooling,Add origin remote,github.com/dragoscv/vitals - never push,D19,done,gates green 2026-09-10
S2-01,S2,truth,Wire startWithWindows and startMinimised,tauri-plugin-autostart 2.5.1 with --minimized arg; reconcile with StartupApproved on launch,D13,done,gates green 2026-09-10
S2-02,S2,truth,Wire confirmEndTask,RiskDialog must honour the setting,D13,done,gates green 2026-09-10
S2-03,S2,truth,Wire notificationsEnabled and the three alert switches,tauri-plugin-notification 2.4.0 driven by the existing TS alerts engine,D13,todo,
S2-04,S2,truth,Wire historyEnabled,Sampler must not attach history when off,D13,done,gates green 2026-09-10
S2-05,S2,truth,Delete crashReports usageData reputationLookups advancedEnabled,No telemetry exists and none is planned,D13,done,gates green 2026-09-10
S2-06,S2,truth,Fix untranslated density labels,panels.tsx maps enum values straight to labels,D13,done,gates green 2026-09-10
S2-07,S2,truth,Fix backendRef write during render,useLayout.ts - move to useEffect,D13,done,gates green 2026-09-10
S2-08,S2,truth,Remove affinity from UNIMPLEMENTED_ACTIONS,set_process_affinity is wired,D13,done,gates green 2026-09-10
S2-09,S2,truth,Unify the two persistence layers,settings/persistence.ts and useLayout.ts duplicate ~40 lines,D13,todo,
S2-10,S2,truth,Feed get_users rollups,rollup_by_session exists with 7 tests,D12,done,gates green 2026-09-10
S2-11,S2,truth,Remove false capability claims,HandleEnumeration and SetEfficiencyMode until implemented in S9,D12,done,gates green 2026-09-10
S2-12,S2,truth,Delete vitals-plugin,No consumer and no plan,D11,done,gates green 2026-09-10
S2-13,S2,truth,Remove unused workspace Cargo deps,14 of 20 referenced by nobody,D11,done,gates green 2026-09-10
S2-14,S2,truth,Remove unused npm deps,cmdk date-fns @tanstack/react-table and unused tauri plugins; recharts from the catalog,D16,done,gates green 2026-09-10
S2-15,S2,truth,Wire or delete get_capabilities,Frontend derives from the frame; decide and act,D12,todo,
S2-16,S2,truth,Remove unused global-shortcut permission,Granted for nothing until S7 registers a palette shortcut,D13,done,gates green 2026-09-10
S3-01,S3,store,Implement vitals-store on rusqlite,4-tier time series with WAL; schema migrations,D11,todo,
S3-02,S3,store,Periodic history flush,Currently persisted only at loop exit; a kill loses the session,D11,done,gates green 2026-09-10
S3-03,S3,store,Enforce retentionDays,Prune on a schedule; wire the setting through,D13,todo,
S3-04,S3,store,Flight recorder,Capture 60 s of frames and export a shareable bundle,D8,todo,
S4-01,S4,server,New crate vitals-server on axum 0.8.9,default-features off; http1 json tokio ws query,D2,todo,
S4-02,S4,server,Bearer auth middleware,Constant-time comparison; scoped tokens; revocable,D3,todo,
S4-03,S4,server,REST endpoints,snapshot processes alerts host volumes sensors,D2,todo,
S4-04,S4,server,SSE stream,axum Sse with KeepAlive and X-Accel-Buffering no,D2,todo,
S4-05,S4,server,WebSocket stream,Bidirectional so the phone can send control commands,D15,todo,
S4-06,S4,server,Prometheus /metrics,prometheus-client 0.25.1 text exposition,D2,todo,
S4-07,S4,server,Serve mobile assets,Via AppHandle asset_resolver - do not embed dist twice,D14,todo,
S4-08,S4,server,LAN interface enumeration,list_afinet_netifas with virtual-adapter filtering and user choice,D1,todo,
S4-09,S4,server,mDNS advertisement,vitals.local so the QR URL survives a DHCP change,D22,todo,
S4-10,S4,server,Settings panel for the server,Off by default; port; interface; token lifecycle; QR,D3,todo,
S4-11,S4,server,Named-pipe IPC for the CLI,interprocess - lets the CLI attach to a running app,D2,todo,
S4-12,S4,server,TypeScript client SDK package,Typed client over REST and SSE generated from the protocol types,D2,todo,
S5-01,S5,cli,Implement vitals ps,Direct sampling via vitals-win; table and JSON,D4,todo,
S5-02,S5,cli,Implement vitals top,Live refreshing view,D4,todo,
S5-03,S5,cli,Implement vitals info,Host information,D4,todo,
S5-04,S5,cli,Implement vitals report,The why-is-my-PC-slow bundle,D4,todo,
S5-05,S5,cli,Implement vitals serve,Headless LAN server with no GUI,D4,todo,
S5-06,S5,cli,Attach mode,Read the running app via the named pipe,D2,todo,
S6-01,S6,mobile,mobile.html entry,build.rolldownOptions.input; own component tree; never imports the desktop shell,D14,todo,
S6-02,S6,mobile,Manifest and A2HS meta,No service worker - LAN is not a secure context,D14,todo,
S6-03,S6,mobile,Mobile overview screen,CPU RAM GPU network disk temps with sparklines,D15,todo,
S6-04,S6,mobile,Mobile processes list,Read-only by default,D15,todo,
S6-05,S6,mobile,Mobile alerts feed,Mirrors the desktop diagnosis,D15,todo,
S6-06,S6,mobile,Mobile process control,Separate token scope; off by default,D15,todo,
S6-07,S6,mobile,Multi-machine support,One phone watching several PCs,D15,todo,
S6-08,S6,mobile,QR pairing UI,qrcode.react QRCodeSVG in the desktop settings panel,D1,todo,
S6-09,S6,mobile,Native-feel mobile shell,Bottom tabs safe-area insets touch targets pull-to-refresh,D14,todo,
S7-01,S7,ui,Motion via LazyMotion domAnimation,MotionConfig reducedMotion mapped to the existing 3-state setting,D17,todo,
S7-02,S7,ui,Route transitions,AnimatePresence mode=wait keyed on route,D17,todo,
S7-03,S7,ui,Command palette,Radix Dialog plus own listbox with correct aria-activedescendant,D16,todo,
S7-04,S7,ui,Ultrawide layout,Container queries; 3xl/4xl/5xl breakpoints; auto-fit grids,D22,todo,
S7-05,S7,ui,Export CSV and JSON from every table,Shared utility plus a UI affordance,D8,todo,
S7-06,S7,ui,Keyboard shortcuts and a help sheet,Global shortcut registration finally justified,D22,todo,
S7-07,S7,ui,Search and filter on every table with URL state,Consistent across screens,D22,todo,
S7-08,S7,ui,Shared Skeleton and StatList primitives,Remove the duplication across ten feature folders,D8,todo,
S7-09,S7,ui,Toasts via sonner,Themed through CSS variables not classNames,D8,todo,
S7-10,S7,ui,Tests for the 11 untested ui components and TimeSeriesChart,,D22,todo,
S8-01,S8,shell,System tray with a live sparkline,Rust-side Image::new_owned at the DPI-correct slot size; skip unchanged buffers,D8,todo,
S8-02,S8,shell,Tray menu and minimise-to-tray,Justifies the existing setting,D8,todo,
S8-03,S8,shell,Always-on-top HUD window,Hash route on index.html; own narrow capability; click-through toggle,D8,todo,
S8-04,S8,shell,Alerts and rules engine wired to notifications,Hysteresis and cooldown to prevent toast storms,D8,todo,
S8-05,S8,shell,Updater flow,check download install plus a settings panel; loud failure while the pubkey is a placeholder,D20,todo,
S8-06,S8,shell,Why is my PC slow report,One click correlating the subsystems,D22,todo,
S9-01,S9,metrics,Per-process Disk column from DiskCounters,SYSTEM_PROCESS_INFORMATION_EXTENSION - matches Task Manager,D22,todo,
S9-02,S9,metrics,Efficiency mode,SetProcessInformation ProcessPowerThrottling plus IDLE_PRIORITY_CLASS; read back with GetProcessInformation,D8,todo,
S9-03,S9,metrics,Affinity presets,Primitive already exists; add the preset UI layer,D8,todo,
S9-04,S9,metrics,Handle enumeration,SystemExtendedHandleInformation 64; named-pipe hang mitigations; on demand only,D8,todo,
S9-05,S9,metrics,Module and DLL list,EnumProcessModulesEx with a retry on ERROR_PARTIAL_COPY,D8,todo,
S9-06,S9,metrics,Open file location and Properties,SHOpenFolderAndSelectItems and ShellExecuteEx with SEE_MASK_INVOKEIDLIST,D8,todo,
S9-07,S9,metrics,Measured startup impact,CPU-ms and disk bytes in the boot window using our own sampling,D22,todo,
S10-01,S10,docs,docs/architecture.md,The crate split and the two design principles,D22,todo,
S10-02,S10,docs,docs/adr/,resolver 3 and edition 2024; dual TypeScript; NSIS perMachine; panic abort; ts-rs over specta; axum choice; no service worker,D22,todo,
S10-03,S10,docs,docs/api.md plus OpenAPI,The LAN API contract,D22,todo,
S10-04,S10,docs,Update README and CHANGELOG,Both are stale against the git log,D22,todo,
S10-05,S10,ci,cargo-audit via taiki-e/install-action,Never rustsec/audit-check - it compiles from source,D22,todo,
S10-06,S10,ci,pnpm audit in CI,,D22,todo,
S10-07,S10,ci,Dependabot config,cargo npm and github-actions ecosystems,D22,todo,
S10-08,S10,ci,Stop duplicate verification on release,Gate correctness behind the x64 matrix leg,D22,todo,
S10-09,S10,ci,Add the bindings drift gate to release.yml,A tag can currently ship drifted generated types,D22,todo,
S10-10,S10,ci,Remove the global RUSTFLAGS from release.yml,It busts the shared rust-cache,D22,todo,
S10-11,S10,ci,Fix the ISSUE_TEMPLATE org,vitals-app/vitals should be dragoscv/vitals,D19,todo,
S10-12,S10,ci,Verify the ARM64 leg builds,In the matrix but never proven,D22,todo,
S10-13,S10,ci,Align setup-node versions,v6 in ci.yml and v5 in release.yml,D22,todo,
